{"results":[{"chamber":"senate","committee_id":"SSGA18","name":"Federal Spending Oversight and Emergency Management","parent_committee_id":"SSGA","subcommittee":true},{"chamber":"senate","committee_id":"SSGA15","name":"Financial and Contracting Oversight","parent_committee_id":"SSGA","subcommittee":true},{"chamber":"senate","committee_id":"SSGA17","name":"Emergency Management, Intergovernmental Relations, and the District of Columbia","parent_committee_id":"SSGA","subcommittee":true},{"chamber":"senate","committee_id":"SSGA01","name":"Permanent Subcommittee on Investigations","parent_committee_id":"SSGA","subcommittee":true},{"chamber":"senate","committee_id":"SSFR14","name":"State Department and USAID Management, International Operations, and Bilateral International Development","parent_committee_id":"SSFR","subcommittee":true},{"chamber":"senate","committee_id":"SSFR15","name":"Multilateral International Development, Multilateral Institutions, and International Economic, Energy, and Environmental Policy","parent_committee_id":"SSFR","subcommittee":true},{"chamber":"senate","committee_id":"SSFR13","name":"International Operations and Organizations, Human Rights, Democracy, and Global Women's Issues","parent_committee_id":"SSFR","subcommittee":true},{"chamber":"senate","committee_id":"SSFR12","name":"International Development and Foreign Assistance, Economic Affairs, International Environmental Protection, and Peace Corps","parent_committee_id":"SSFR","subcommittee":true},{"chamber":"senate","committee_id":"SSFI11","name":"Taxation and IRS Oversight","parent_committee_id":"SSFI","subcommittee":true},{"chamber":"senate","committee_id":"SSFI14","name":"Fiscal Responsibility and Economic Growth","parent_committee_id":"SSFI","subcommittee":true},{"chamber":"senate","committee_id":"SSEV18","name":"Oversight","parent_committee_id":"SSEV","subcommittee":true},{"chamber":"senate","committee_id":"SSEV16","name":"Green Jobs and the New Economy","parent_committee_id":"SSEV","subcommittee":true},{"chamber":"senate","committee_id":"SSCM24","name":"Space, Science, and Competitiveness","parent_committee_id":"SSCM","subcommittee":true},{"chamber":"senate","committee_id":"SSCM27","name":"Tourism, Competitiveness, and Innovation","parent_committee_id":"SSCM","subcommittee":true},{"chamber":"senate","committee_id":"SSAF17","name":"Livestock, Marketing and Agriculture Security","parent_committee_id":"SSAF","subcommittee":true},{"chamber":"senate","committee_id":"SSAF16","name":"Nutrition, Specialty Crops, and Agricultural Research","parent_committee_id":"SSAF","subcommittee":true},{"chamber":"senate","committee_id":"SSAF15","name":"Rural Development and Energy","parent_committee_id":"SSAF","subcommittee":true},{"chamber":"senate","committee_id":"SSAF14","name":"Conservation, Forestry and Natural Resources","parent_committee_id":"SSAF","subcommittee":true},{"chamber":"senate","committee_id":"SSAF13","name":"Commodities, Risk Management and Trade","parent_committee_id":"SSAF","subcommittee":true},{"chamber":"joint","committee_id":"JSTX","name":"Joint Committee on Taxation","subcommittee":false}],"count":228,"page":{"count":20,"per_page":20,"page":1}}